{
	"credit": "Made with Blockbench",
	"textures": {
		"0": "block/birch_door_handle",
		"1": "block/birch_door_top",
		"2": "block/birch_door_top_1",
		"particle": "block/birch_door_top"
	},
	"elements": [
		{
			"name": "Element",
			"from": [0, 0, 0],
			"to": [3, 16, 16],
			"faces": {
				"north": {"uv": [0.25, 0, 0.75, 16], "texture": "#1", "cullface": "north"},
				"east": {"uv": [16, 0, 0, 16], "texture": "#1"},
				"south": {"uv": [15.25, 0, 15.75, 16], "texture": "#1", "cullface": "south"},
				"west": {"uv": [0, 0, 16, 16], "texture": "#1", "cullface": "west"},
				"up": {"uv": [0, 0.25, 16, 0.75], "rotation": 180, "texture": "#1", "cullface": "up"}
			}
		},
		{
			"name": "Element",
			"from": [3, 13, 13],
			"to": [0, 0, 3],
			"faces": {
				"north": {"uv": [13.75, 16, 13.25, 3], "texture": "#1"},
				"south": {"uv": [2.75, 16, 2.25, 3], "texture": "#1"},
				"down": {"uv": [3, 2.75, 13, 2.25], "rotation": 90, "texture": "#1"}
			}
		},
		{
			"name": "Element",
			"from": [1.5, 0, 3],
			"to": [1.5, 13, 13],
			"faces": {
				"east": {"uv": [13, 3, 3, 16], "texture": "#2"},
				"west": {"uv": [3, 3, 13, 16], "texture": "#2"}
			}
		},
		{
			"name": "Element",
			"from": [-0.5, 0, 14],
			"to": [0, 2, 15],
			"faces": {
				"north": {"uv": [6, 4, 8, 12], "texture": "#0", "cullface": "west"},
				"south": {"uv": [8, 4, 10, 12], "texture": "#0", "cullface": "west"},
				"west": {"uv": [6, 4, 10, 12], "texture": "#0", "cullface": "west"},
				"up": {"uv": [6, 4, 10, 6], "texture": "#0", "cullface": "west"},
				"down": {"uv": [6, 10, 10, 12], "texture": "#0", "cullface": "west"}
			}
		},
		{
			"name": "Element",
			"from": [3, 0, 14],
			"to": [3.5, 2, 15],
			"faces": {
				"north": {"uv": [8, 4, 10, 12], "texture": "#0"},
				"east": {"uv": [6, 4, 10, 12], "texture": "#0"},
				"south": {"uv": [6, 4, 8, 12], "texture": "#0"},
				"up": {"uv": [6, 4, 10, 6], "rotation": 270, "texture": "#0"},
				"down": {"uv": [6, 10, 10, 12], "rotation": 90, "texture": "#0"}
			}
		}
	]
}