{
	"credit": "Made with Blockbench",
	"parent": "minecraft:block/door_top_left",
	"textures": {
		"1": "block/cherry_door_top_1",
		"particle": "block/cherry_door_top",
		"top": "block/cherry_door_top"
	},
	"elements": [
		{
			"from": [0, 0, 0],
			"to": [3, 16, 16],
			"faces": {
				"north": {"uv": [0.75, 0, 0.25, 16], "texture": "#top", "cullface": "north"},
				"east": {"uv": [16, 0, 0, 16], "texture": "#top"},
				"south": {"uv": [15.25, 0, 15.75, 16], "texture": "#top", "cullface": "south"},
				"west": {"uv": [0, 0, 16, 16], "texture": "#top", "cullface": "west"},
				"up": {"uv": [0, 0.75, 16, 0.25], "rotation": 90, "texture": "#top", "cullface": "up"}
			}
		},
		{
			"from": [3, 12, 12],
			"to": [0, 0, 4],
			"faces": {
				"north": {"uv": [3.75, 4, 3.25, 16], "texture": "#top", "cullface": "north"},
				"south": {"uv": [12.25, 4, 12.75, 16], "texture": "#top", "cullface": "south"},
				"down": {"uv": [4, 3.25, 12, 3.75], "texture": "#top"}
			}
		},
		{
			"name": "Element",
			"from": [1, 0, 4],
			"to": [2, 12, 12],
			"faces": {
				"east": {"uv": [4, 4, 12, 16], "texture": "#1"},
				"west": {"uv": [4, 4, 12, 16], "texture": "#1"}
			}
		},
		{
			"name": "Element",
			"from": [2, 9, 9],
			"to": [1, 7, 7],
			"faces": {
				"north": {"uv": [9.75, 9, 9.25, 7], "texture": "#1"},
				"south": {"uv": [6.75, 9, 6.25, 7], "texture": "#1"},
				"up": {"uv": [7, 9.75, 9, 9.25], "rotation": 90, "texture": "#1"},
				"down": {"uv": [7, 6.25, 9, 6.75], "rotation": 90, "texture": "#1"}
			}
		},
		{
			"name": "Element",
			"from": [2, 4, 9],
			"to": [1, 2, 7],
			"faces": {
				"north": {"uv": [9.75, 14, 9.25, 12], "texture": "#1"},
				"south": {"uv": [6.75, 14, 6.25, 12], "texture": "#1"},
				"up": {"uv": [7, 11.75, 9, 11.25], "rotation": 90, "texture": "#1"},
				"down": {"uv": [7, 14.25, 9, 14.75], "rotation": 90, "texture": "#1"}
			}
		},
		{
			"name": "Element",
			"from": [2, 12, 6],
			"to": [1, 9, 5],
			"faces": {
				"north": {"uv": [6.75, 7, 6.25, 4], "texture": "#1"},
				"south": {"uv": [4.75, 7, 4.25, 4], "texture": "#1"},
				"up": {"uv": [5, 7.75, 6, 7.25], "rotation": 90, "texture": "#1"}
			}
		},
		{
			"name": "Element",
			"from": [2, 11, 7],
			"to": [1, 10, 4],
			"faces": {
				"north": {"uv": [7.75, 6, 7.25, 5], "texture": "#1"},
				"up": {"uv": [4, 6.75, 7, 6.25], "rotation": 90, "texture": "#1"},
				"down": {"uv": [4, 4.25, 7, 4.75], "rotation": 90, "texture": "#1"}
			}
		},
		{
			"name": "Element",
			"from": [2, 7, 6],
			"to": [1, 4, 5],
			"faces": {
				"north": {"uv": [6.75, 12, 6.25, 9], "texture": "#1"},
				"south": {"uv": [4.75, 12, 4.25, 9], "texture": "#1"},
				"up": {"uv": [5, 12.75, 6, 12.25], "rotation": 90, "texture": "#1"},
				"down": {"uv": [5, 8.25, 6, 8.75], "rotation": 90, "texture": "#1"}
			}
		},
		{
			"name": "Element",
			"from": [2, 6, 7],
			"to": [1, 5, 4],
			"faces": {
				"north": {"uv": [7.75, 11, 7.25, 10], "texture": "#1"},
				"up": {"uv": [4, 11.75, 7, 11.25], "rotation": 90, "texture": "#1"},
				"down": {"uv": [4, 9.25, 7, 9.75], "rotation": 90, "texture": "#1"}
			}
		},
		{
			"name": "Element",
			"from": [2, 2, 6],
			"to": [1, 0, 5],
			"faces": {
				"north": {"uv": [6.75, 16, 6.25, 14], "texture": "#1"},
				"south": {"uv": [4.75, 16, 4.25, 14], "texture": "#1"},
				"down": {"uv": [5, 13.25, 6, 13.75], "rotation": 90, "texture": "#1"}
			}
		},
		{
			"name": "Element",
			"from": [2, 1, 7],
			"to": [1, 0, 4],
			"faces": {
				"north": {"uv": [7.75, 16, 7.25, 15], "texture": "#1"},
				"down": {"uv": [4, 14.25, 7, 14.75], "rotation": 90, "texture": "#1"}
			}
		},
		{
			"name": "Element",
			"from": [2, 12, 11],
			"to": [1, 9, 10],
			"faces": {
				"north": {"uv": [11.75, 7, 11.25, 4], "texture": "#1"},
				"south": {"uv": [9.75, 7, 9.25, 4], "texture": "#1"},
				"up": {"uv": [10, 7.75, 11, 7.25], "rotation": 90, "texture": "#1"}
			}
		},
		{
			"name": "Element",
			"from": [2, 11, 12],
			"to": [1, 10, 9],
			"faces": {
				"south": {"uv": [8.75, 6, 8.25, 5], "texture": "#1"},
				"up": {"uv": [9, 6.75, 12, 6.25], "rotation": 90, "texture": "#1"},
				"down": {"uv": [9, 4.25, 12, 4.75], "rotation": 90, "texture": "#1"}
			}
		},
		{
			"name": "Element",
			"from": [2, 7, 11],
			"to": [1, 4, 10],
			"faces": {
				"north": {"uv": [11.75, 12, 11.25, 9], "texture": "#1"},
				"south": {"uv": [9.75, 12, 9.25, 9], "texture": "#1"},
				"up": {"uv": [10, 12.75, 11, 12.25], "rotation": 90, "texture": "#1"},
				"down": {"uv": [10, 8.25, 11, 8.75], "rotation": 90, "texture": "#1"}
			}
		},
		{
			"name": "Element",
			"from": [2, 6, 12],
			"to": [1, 5, 9],
			"faces": {
				"south": {"uv": [8.75, 11, 8.25, 10], "texture": "#1"},
				"up": {"uv": [9, 11.75, 12, 11.25], "rotation": 90, "texture": "#1"},
				"down": {"uv": [9, 9.25, 12, 9.75], "rotation": 90, "texture": "#1"}
			}
		},
		{
			"name": "Element",
			"from": [2, 2, 11],
			"to": [1, 0, 10],
			"faces": {
				"north": {"uv": [11.75, 16, 11.25, 14], "texture": "#1"},
				"south": {"uv": [9.75, 16, 9.25, 14], "texture": "#1"},
				"down": {"uv": [10, 13.25, 11, 13.75], "rotation": 90, "texture": "#1"}
			}
		},
		{
			"name": "Element",
			"from": [2, 1, 12],
			"to": [1, 0, 9],
			"faces": {
				"south": {"uv": [8.75, 16, 8.25, 15], "texture": "#1"},
				"down": {"uv": [9, 14.25, 12, 14.75], "rotation": 90, "texture": "#1"}
			}
		}
	]
}