{
  "credit": "Made with Blockbench",
  "textures": {
    "0": "block/copper_trapdoor",
    "particle": "block/copper_trapdoor"
  },
  "elements": [
    {
      "name": "Element",
      "from": [0, 0, 13],
      "to": [16, 16, 16],
      "rotation": { "angle": 0, "axis": "x", "origin": [8, 0, 12] },
      "faces": {
        "north": { "uv": [0, 0, 16, 16], "rotation": 180, "texture": "#0" },
        "east": {
          "uv": [0.75, 0, 0.25, 16],
          "texture": "#0",
          "cullface": "east"
        },
        "south": { "uv": [0, 0, 16, 16], "texture": "#0", "cullface": "south" },
        "west": {
          "uv": [15.75, 0, 15.25, 16],
          "rotation": 180,
          "texture": "#0",
          "cullface": "west"
        },
        "up": {
          "uv": [0, 15.75, 16, 15.25],
          "rotation": 180,
          "texture": "#0",
          "cullface": "up"
        },
        "down": {
          "uv": [0, 0.75, 16, 0.25],
          "texture": "#0",
          "cullface": "down"
        }
      }
    }
  ]
}
