{
	"credit": "Made with Blockbench",
	"textures": {
		"0": "block/dark_oak_door_handle",
		"1": "block/dark_oak_door_top",
		"particle": "block/dark_oak_door_top"
	},
	"elements": [
		{
			"name": "Element",
			"from": [0, 0, 0],
			"to": [3, 16, 16],
			"faces": {
				"north": {"uv": [0.25, 0, 0.75, 16], "texture": "#1", "cullface": "north"},
				"east": {"uv": [16, 0, 0, 16], "texture": "#1"},
				"south": {"uv": [15.25, 0, 15.75, 16], "texture": "#1", "cullface": "south"},
				"west": {"uv": [0, 0, 16, 16], "texture": "#1", "cullface": "west"},
				"up": {"uv": [0, 0.25, 16, 0.75], "rotation": 180, "texture": "#1", "cullface": "up"}
			}
		},
		{
			"name": "Element",
			"from": [-0.5, 0, 11],
			"to": [0, 1, 14],
			"faces": {
				"north": {"uv": [0, 8, 2, 12], "texture": "#0", "cullface": "west"},
				"south": {"uv": [10, 8, 12, 12], "texture": "#0", "cullface": "west"},
				"west": {"uv": [0, 8, 12, 12], "texture": "#0", "cullface": "west"},
				"up": {"uv": [0, 8, 12, 10], "texture": "#0", "cullface": "west"},
				"down": {"uv": [0, 10, 12, 12], "texture": "#0", "cullface": "west"}
			}
		},
		{
			"name": "Element",
			"from": [3, 0, 11],
			"to": [3.5, 1, 14],
			"faces": {
				"north": {"uv": [14, 0, 16, 4], "texture": "#0"},
				"east": {"uv": [4, 0, 16, 4], "texture": "#0"},
				"south": {"uv": [4, 0, 6, 4], "texture": "#0"},
				"up": {"uv": [4, 0, 16, 2], "rotation": 270, "texture": "#0"},
				"down": {"uv": [4, 2, 16, 4], "rotation": 90, "texture": "#0"}
			}
		}
	]
}