{
	"credit": "Made with Blockbench",
	"textures": {
		"0": "block/iron_door_bottom",
		"1": "block/iron_door_handle",
		"particle": "block/iron_door_bottom"
	},
	"elements": [
		{
			"name": "Element",
			"from": [0, 0, 0],
			"to": [3, 16, 16],
			"faces": {
				"north": {"uv": [0.25, 0, 0.75, 16], "texture": "#0", "cullface": "north"},
				"east": {"uv": [16, 0, 0, 16], "texture": "#0"},
				"south": {"uv": [15.25, 0, 15.75, 16], "texture": "#0", "cullface": "south"},
				"west": {"uv": [0, 0, 16, 16], "texture": "#0", "cullface": "west"},
				"down": {"uv": [0, 15.25, 16, 15.75], "rotation": 180, "texture": "#0", "cullface": "down"}
			}
		},
		{
			"name": "Element",
			"from": [3, 15, 11],
			"to": [3.5, 16, 12],
			"faces": {
				"north": {"uv": [14, 4, 16, 8], "texture": "#1"},
				"east": {"uv": [12, 4, 16, 8], "texture": "#1"},
				"south": {"uv": [12, 4, 14, 8], "texture": "#1"},
				"down": {"uv": [12, 6, 16, 8], "rotation": 90, "texture": "#1"}
			}
		},
		{
			"name": "Element",
			"from": [-0.5, 15, 11],
			"to": [0, 16, 12],
			"faces": {
				"north": {"uv": [0, 12, 2, 16], "texture": "#1", "cullface": "west"},
				"south": {"uv": [2, 12, 4, 16], "texture": "#1", "cullface": "west"},
				"west": {"uv": [0, 12, 4, 16], "texture": "#1", "cullface": "west"},
				"down": {"uv": [0, 14, 4, 16], "texture": "#1", "cullface": "west"}
			}
		}
	]
}