{
	"credit": "Made with Blockbench",
	"textures": {
		"0": "block/jungle_trapdoor",
		"1": "block/jungle_trapdoor_handle",
		"particle": "block/jungle_trapdoor"
	},
	"elements": [
		{
			"name": "Box2",
			"from": [5, 14, 12.5],
			"to": [11, 15, 13],
			"faces": {
				"north": {"uv": [2, 7, 14, 9], "rotation": 180, "texture": "#1"},
				"east": {"uv": [13.5, 7, 14, 9], "rotation": 270, "texture": "#1"},
				"west": {"uv": [2, 7, 2.5, 9], "rotation": 90, "texture": "#1"},
				"up": {"uv": [2, 8.5, 14, 9], "texture": "#1"},
				"down": {"uv": [2, 7, 14, 7.5], "texture": "#1"}
			}
		},
		{
			"name": "Box2",
			"from": [5, 14, 16],
			"to": [11, 15, 16.5],
			"faces": {
				"east": {"uv": [2, 7, 2.5, 9], "rotation": 180, "texture": "#1", "cullface": "south"},
				"south": {"uv": [2, 7, 14, 9], "rotation": 180, "texture": "#1", "cullface": "south"},
				"west": {"uv": [13.5, 7, 14, 9], "rotation": 180, "texture": "#1", "cullface": "south"},
				"up": {"uv": [2, 8.5, 14, 9], "rotation": 180, "texture": "#1", "cullface": "south"},
				"down": {"uv": [2, 7, 14, 7.5], "texture": "#1", "cullface": "south"}
			}
		},
		{
			"name": "Element",
			"from": [0, 0, 13],
			"to": [16, 16, 16],
			"faces": {
				"north": {"uv": [0, 0, 16, 16], "rotation": 180, "texture": "#0"},
				"east": {"uv": [0.75, 0, 0.25, 16], "texture": "#0", "cullface": "east"},
				"south": {"uv": [0, 0, 16, 16], "rotation": 180, "texture": "#0", "cullface": "south"},
				"west": {"uv": [15.75, 0, 15.25, 16], "texture": "#0", "cullface": "west"},
				"up": {"uv": [0, 15.75, 16, 15.25], "texture": "#0", "cullface": "up"},
				"down": {"uv": [0, 0.75, 16, 0.25], "texture": "#0", "cullface": "down"}
			}
		},
		{
			"name": "Element",
			"from": [13, 13, 16],
			"to": [3, 9, 13],
			"faces": {
				"east": {"uv": [13.75, 9, 13.25, 13], "texture": "#0"},
				"west": {"uv": [2.75, 9, 2.25, 13], "texture": "#0"},
				"up": {"uv": [3, 8.75, 13, 8.25], "texture": "#0"},
				"down": {"uv": [3, 13.75, 13, 13.25], "texture": "#0"}
			}
		},
		{
			"name": "Element",
			"from": [13, 7, 16],
			"to": [3, 3, 13],
			"faces": {
				"east": {"uv": [13.75, 3, 13.25, 7], "texture": "#0"},
				"west": {"uv": [2.75, 3, 2.25, 7], "texture": "#0"},
				"up": {"uv": [3, 2.75, 13, 2.25], "texture": "#0"},
				"down": {"uv": [3, 7.75, 13, 7.25], "texture": "#0"}
			}
		}
	]
}