{
	"credit": "Made with Blockbench",
	"ambientocclusion": false,
	"textures": {
		"0": "block/ladder",
		"particle": "block/ladder"
	},
	"elements": [
		{
			"name": "Box2",
			"from": [2, 0, 15],
			"to": [4, 16, 16],
			"faces": {
				"north": {"uv": [12, 0, 14, 16], "texture": "#0"},
				"east": {"uv": [12.25, 0, 12.75, 16], "texture": "#0"},
				"south": {"uv": [14, 0, 12, 16], "texture": "#0"},
				"west": {"uv": [13.25, 0, 13.75, 16], "texture": "#0"},
				"up": {"uv": [12, 0.25, 14, 0.75], "texture": "#0"},
				"down": {"uv": [12, 15.25, 14, 15.75], "texture": "#0"}
			}
		},
		{
			"name": "Box2",
			"from": [12, 0, 15],
			"to": [14, 16, 16],
			"faces": {
				"north": {"uv": [2, 0, 4, 16], "texture": "#0"},
				"east": {"uv": [2.25, 0, 2.75, 16], "texture": "#0"},
				"south": {"uv": [4, 0, 2, 16], "texture": "#0"},
				"west": {"uv": [3.25, 0, 3.75, 16], "texture": "#0"},
				"up": {"uv": [2, 0.25, 4, 0.75], "texture": "#0"},
				"down": {"uv": [2, 15.25, 4, 15.75], "texture": "#0"}
			}
		},
		{
			"name": "Box2",
			"from": [1, 13, 14.5],
			"to": [15, 15, 15],
			"faces": {
				"north": {"uv": [1, 1, 15, 3], "texture": "#0"},
				"east": {"uv": [1.25, 1, 1.75, 3], "texture": "#0"},
				"south": {"uv": [15, 1, 1, 3], "texture": "#0"},
				"west": {"uv": [14.25, 1, 14.75, 3], "texture": "#0"},
				"up": {"uv": [15, 1.25, 1, 1.75], "texture": "#0"},
				"down": {"uv": [1, 2.25, 15, 2.75], "rotation": 180, "texture": "#0"}
			}
		},
		{
			"name": "Box3",
			"from": [1, 9, 14.5],
			"to": [15, 11, 15],
			"faces": {
				"north": {"uv": [1, 5, 15, 7], "texture": "#0"},
				"east": {"uv": [1.25, 5, 1.75, 7], "texture": "#0"},
				"south": {"uv": [15, 5, 1, 7], "texture": "#0"},
				"west": {"uv": [14.25, 5, 14.75, 7], "texture": "#0"},
				"up": {"uv": [15, 5.25, 1, 5.75], "texture": "#0"},
				"down": {"uv": [1, 6.25, 15, 6.75], "rotation": 180, "texture": "#0"}
			}
		},
		{
			"name": "Box4",
			"from": [1, 5, 14.5],
			"to": [15, 7, 15],
			"faces": {
				"north": {"uv": [1, 9, 15, 11], "texture": "#0"},
				"east": {"uv": [1.25, 9, 1.75, 11], "texture": "#0"},
				"south": {"uv": [15, 9, 1, 11], "texture": "#0"},
				"west": {"uv": [14.25, 9, 14.75, 11], "texture": "#0"},
				"up": {"uv": [15, 9.25, 1, 9.75], "texture": "#0"},
				"down": {"uv": [1, 10.25, 15, 10.75], "rotation": 180, "texture": "#0"}
			}
		},
		{
			"name": "Box5",
			"from": [1, 1, 14.5],
			"to": [15, 3, 15],
			"faces": {
				"north": {"uv": [1, 13, 15, 15], "texture": "#0"},
				"east": {"uv": [1.25, 13, 1.75, 15], "texture": "#0"},
				"south": {"uv": [15, 13, 1, 15], "texture": "#0"},
				"west": {"uv": [14.25, 13, 14.75, 15], "texture": "#0"},
				"up": {"uv": [15, 13.25, 1, 13.75], "texture": "#0"},
				"down": {"uv": [1, 14.25, 15, 14.75], "rotation": 180, "texture": "#0"}
			}
		}
	]
}