{
	"credit": "Made with Blockbench",
	"parent": "minecraft:block/door_bottom_left",
	"texture_size": [64, 64],
	"textures": {
		"1": "block/mangrove_door_handle",
		"bottom": "block/mangrove_door_bottom",
		"particle": "block/mangrove_door_handle"
	},
	"elements": [
		{
			"from": [0, 0, 0],
			"to": [3, 16, 16],
			"faces": {
				"north": {"uv": [0.75, 0, 0.25, 16], "texture": "#bottom", "cullface": "north"},
				"east": {"uv": [16, 0, 0, 16], "texture": "#bottom"},
				"south": {"uv": [15.25, 0, 15.75, 16], "texture": "#bottom", "cullface": "south"},
				"west": {"uv": [0, 0, 16, 16], "texture": "#bottom", "cullface": "west"},
				"down": {"uv": [16, 15.25, 0, 15.75], "rotation": 90, "texture": "#bottom", "cullface": "down"}
			}
		},
		{
			"from": [-0.5, 13, 13],
			"to": [0, 16, 14],
			"faces": {
				"north": {"uv": [14.5, 8, 15.5, 14], "texture": "#1", "cullface": "west"},
				"south": {"uv": [14.5, 8, 15.5, 14], "texture": "#1", "cullface": "west"},
				"west": {"uv": [14, 8, 16, 14], "texture": "#1", "cullface": "west"},
				"down": {"uv": [14, 12.5, 16, 13.5], "texture": "#1", "cullface": "west"}
			}
		},
		{
			"from": [-0.5, 13, 12],
			"to": [0, 14, 13],
			"faces": {
				"north": {"uv": [12.5, 12, 13.5, 14], "texture": "#1", "cullface": "west"},
				"west": {"uv": [12, 12, 14, 14], "texture": "#1", "cullface": "west"},
				"up": {"uv": [12, 12.5, 14, 13.5], "texture": "#1", "cullface": "west"},
				"down": {"uv": [12, 12.5, 14, 13.5], "texture": "#1", "cullface": "west"}
			}
		},
		{
			"from": [3, 13, 12],
			"to": [3.5, 14, 13],
			"faces": {
				"north": {"uv": [12.5, 12, 13.5, 14], "texture": "#1"},
				"east": {"uv": [12, 12, 14, 14], "texture": "#1"},
				"west": {"uv": [12, 12, 14, 14], "texture": "#1"},
				"up": {"uv": [12, 12.5, 14, 13.5], "texture": "#1"},
				"down": {"uv": [12, 12.5, 14, 13.5], "texture": "#1"}
			}
		},
		{
			"from": [3, 13, 13],
			"to": [3.5, 16, 14],
			"faces": {
				"north": {"uv": [14.5, 8, 15.5, 14], "texture": "#1"},
				"east": {"uv": [14.5, 8, 15.5, 14], "texture": "#1"},
				"south": {"uv": [14.5, 8, 15.5, 14], "texture": "#1"},
				"down": {"uv": [14, 12.5, 16, 13.5], "texture": "#1"}
			}
		}
	]
}