{
	"credit": "Made with Blockbench",
	"parent": "minecraft:block/door_bottom_left_open",
	"textures": {
		"1": "block/mangrove_door_handle",
		"bottom": "block/mangrove_door_bottom",
		"particle": "block/mangrove_door_handle"
	},
	"elements": [
		{
			"from": [-0.5, 13, 2],
			"to": [0, 16, 3],
			"faces": {
				"north": {"uv": [0.5, 8, 1.5, 14], "texture": "#1", "cullface": "west"},
				"south": {"uv": [0.5, 8, 1.5, 14], "texture": "#1", "cullface": "west"},
				"west": {"uv": [0, 8, 2, 14], "texture": "#1", "cullface": "west"},
				"down": {"uv": [0, 12.5, 2, 13.5], "rotation": 180, "texture": "#1", "cullface": "west"}
			}
		},
		{
			"from": [0, 0, 0],
			"to": [3, 16, 16],
			"faces": {
				"north": {"uv": [15.25, 0, 15.75, 16], "texture": "#bottom", "cullface": "north"},
				"east": {"uv": [0, 0, 16, 16], "texture": "#bottom"},
				"south": {"uv": [0.75, 0, 0.25, 16], "texture": "#bottom", "cullface": "south"},
				"west": {"uv": [16, 0, 0, 16], "texture": "#bottom", "cullface": "west"},
				"down": {"uv": [0, 15.25, 16, 15.75], "rotation": 270, "texture": "#bottom", "cullface": "down"}
			}
		},
		{
			"from": [3, 13, 2],
			"to": [3.5, 16, 3],
			"faces": {
				"north": {"uv": [0.5, 8, 1.5, 14], "texture": "#1"},
				"east": {"uv": [0, 8, 2, 14], "texture": "#1"},
				"south": {"uv": [0.5, 8, 1.5, 14], "texture": "#1"},
				"down": {"uv": [0, 12.5, 2, 13.5], "rotation": 180, "texture": "#1"}
			}
		},
		{
			"from": [3, 13, 3],
			"to": [3.5, 14, 4],
			"faces": {
				"east": {"uv": [2, 12, 4, 14], "texture": "#1"},
				"south": {"uv": [2.5, 12, 3.5, 14], "texture": "#1"},
				"up": {"uv": [2, 12.5, 4, 13.5], "rotation": 180, "texture": "#1"},
				"down": {"uv": [2, 12.5, 4, 13.5], "rotation": 180, "texture": "#1"}
			}
		},
		{
			"from": [-0.5, 13, 3],
			"to": [0, 14, 4],
			"faces": {
				"south": {"uv": [2.5, 12, 3.5, 14], "texture": "#1", "cullface": "west"},
				"west": {"uv": [2, 12, 4, 14], "texture": "#1", "cullface": "west"},
				"up": {"uv": [2, 12.5, 4, 13.5], "rotation": 180, "texture": "#1", "cullface": "west"},
				"down": {"uv": [2, 12.5, 4, 13.5], "rotation": 180, "texture": "#1", "cullface": "west"}
			}
		}
	]
}