{
	"credit": "Made with Blockbench",
	"parent": "block/thin_block",
	"textures": {
		"0": "block/warped_trapdoor",
		"particle": "block/warped_trapdoor"
	},
	"elements": [
		{
			"name": "Element",
			"from": [0, 0, 0],
			"to": [16, 3, 16],
			"faces": {
				"north": {"uv": [0, 15.25, 16, 15.75], "texture": "#0", "cullface": "north"},
				"east": {"uv": [0.25, 0, 0.75, 16], "rotation": 270, "texture": "#0", "cullface": "east"},
				"south": {"uv": [0, 0.25, 16, 0.75], "texture": "#0", "cullface": "south"},
				"west": {"uv": [15.25, 0, 15.75, 16], "rotation": 90, "texture": "#0", "cullface": "west"},
				"up": {"uv": [0, 16, 16, 0], "texture": "#0"},
				"down": {"uv": [0, 0, 16, 16], "texture": "#0", "cullface": "down"}
			}
		},
		{
			"name": "Element",
			"from": [4, 3, 8],
			"to": [3, 0, 7],
			"faces": {
				"north": {"uv": [3.25, 7.25, 3.75, 7.75], "rotation": 180, "texture": "#0"},
				"east": {"uv": [2.25, 8.25, 2.75, 8.75], "rotation": 90, "texture": "#0"}
			}
		},
		{
			"name": "Element",
			"from": [5, 3, 11],
			"to": [4, 0, 10],
			"faces": {
				"north": {"uv": [4.25, 4.25, 4.75, 4.75], "rotation": 180, "texture": "#0"},
				"west": {"uv": [5.25, 5.25, 5.75, 5.75], "rotation": 90, "texture": "#0"}
			}
		},
		{
			"name": "Element",
			"from": [5, 3, 8],
			"to": [4, 0, 7],
			"faces": {
				"south": {"uv": [4.25, 9.25, 4.75, 9.75], "rotation": 270, "texture": "#0"},
				"west": {"uv": [5.25, 8.25, 5.75, 8.75], "rotation": 90, "texture": "#0"}
			}
		},
		{
			"name": "Element",
			"from": [4, 3, 11],
			"to": [3, 0, 10],
			"faces": {
				"east": {"uv": [2.25, 5.25, 2.75, 5.75], "rotation": 90, "texture": "#0"},
				"south": {"uv": [3.25, 6.25, 3.75, 6.75], "rotation": 270, "texture": "#0"}
			}
		},
		{
			"name": "Element",
			"from": [5, 3, 10],
			"to": [4, 0, 8],
			"faces": {
				"east": {"uv": [3.25, 6.25, 3.75, 7.75], "rotation": 90, "texture": "#0"}
			}
		},
		{
			"name": "Element",
			"from": [6, 3, 10],
			"to": [5, 0, 8],
			"faces": {
				"north": {"uv": [5.25, 5.25, 5.75, 5.75], "rotation": 180, "texture": "#0"},
				"south": {"uv": [5.25, 8.25, 5.75, 8.75], "texture": "#0"},
				"west": {"uv": [6.25, 6.25, 6.75, 7.75], "rotation": 90, "texture": "#0"}
			}
		},
		{
			"name": "Element",
			"from": [4, 3, 13],
			"to": [3, 0, 11],
			"faces": {
				"north": {"uv": [3.25, 2.25, 3.75, 2.75], "rotation": 180, "texture": "#0"},
				"east": {"uv": [2.25, 3.25, 2.75, 4.75], "rotation": 90, "texture": "#0"},
				"west": {"uv": [4.25, 3.25, 4.75, 4.75], "rotation": 90, "texture": "#0"}
			}
		},
		{
			"name": "Element",
			"from": [4, 3, 7],
			"to": [3, 0, 3],
			"faces": {
				"east": {"uv": [2.25, 9.25, 2.75, 12.75], "rotation": 90, "texture": "#0"},
				"south": {"uv": [3.25, 13.25, 3.75, 13.75], "texture": "#0"},
				"west": {"uv": [4.25, 9.25, 4.75, 12.75], "rotation": 90, "texture": "#0"}
			}
		},
		{
			"name": "Element",
			"from": [9, 3, 4],
			"to": [7, 0, 3],
			"faces": {
				"east": {"uv": [6.75, 12.25, 6.25, 12.75], "rotation": 90, "texture": "#0"},
				"south": {"uv": [7.25, 13.25, 8.75, 13.75], "texture": "#0"},
				"west": {"uv": [9.25, 12.25, 9.75, 12.75], "rotation": 90, "texture": "#0"}
			}
		},
		{
			"name": "Element",
			"from": [7, 3, 6],
			"to": [6, 0, 4],
			"faces": {
				"north": {"uv": [6.25, 9.25, 6.75, 9.75], "rotation": 180, "texture": "#0"},
				"east": {"uv": [5.75, 10.25, 5.25, 11.75], "rotation": 90, "texture": "#0"},
				"south": {"uv": [6.25, 12.25, 6.75, 12.75], "texture": "#0"}
			}
		},
		{
			"name": "Element",
			"from": [9, 3, 6],
			"to": [8, 0, 4],
			"faces": {
				"west": {"uv": [9.25, 10.25, 9.75, 11.75], "rotation": 90, "texture": "#0"}
			}
		},
		{
			"name": "Element",
			"from": [10, 3, 9],
			"to": [9, 0, 6],
			"faces": {
				"north": {"uv": [9.25, 6.25, 9.75, 6.75], "rotation": 180, "texture": "#0"},
				"south": {"uv": [9.25, 10.25, 9.75, 10.75], "texture": "#0"},
				"west": {"uv": [10.25, 7.25, 10.75, 9.75], "rotation": 90, "texture": "#0"}
			}
		},
		{
			"name": "Element",
			"from": [9, 3, 12],
			"to": [8, 0, 9],
			"faces": {
				"north": {"uv": [8.25, 3.25, 8.75, 3.75], "rotation": 180, "texture": "#0"},
				"west": {"uv": [9.25, 4.25, 9.75, 6.75], "rotation": 90, "texture": "#0"}
			}
		},
		{
			"name": "Element",
			"from": [8, 3, 12],
			"to": [7, 0, 6],
			"faces": {
				"east": {"uv": [6.25, 4.25, 6.75, 9.75], "rotation": 90, "texture": "#0"}
			}
		},
		{
			"name": "Element",
			"from": [8, 3, 13],
			"to": [7, 0, 12],
			"faces": {
				"north": {"uv": [7.25, 2.25, 7.75, 2.75], "rotation": 180, "texture": "#0"},
				"west": {"uv": [8.25, 3.25, 8.75, 3.75], "rotation": 90, "texture": "#0"}
			}
		},
		{
			"name": "Element",
			"from": [7, 3, 13],
			"to": [6, 0, 12],
			"faces": {
				"north": {"uv": [6.25, 2.25, 6.75, 2.75], "rotation": 180, "texture": "#0"},
				"east": {"uv": [5.75, 3.25, 5.25, 3.75], "rotation": 90, "texture": "#0"},
				"south": {"uv": [6.25, 4.25, 6.75, 4.75], "texture": "#0"}
			}
		},
		{
			"name": "Element",
			"from": [13, 3, 13],
			"to": [11, 0, 12],
			"faces": {
				"north": {"uv": [11.25, 2.25, 12.75, 2.75], "rotation": 180, "texture": "#0"},
				"east": {"uv": [10.75, 3.25, 10.25, 3.75], "rotation": 90, "texture": "#0"},
				"west": {"uv": [13.75, 3.25, 13.25, 3.75], "rotation": 270, "texture": "#0"}
			}
		},
		{
			"name": "Element",
			"from": [13, 3, 12],
			"to": [12, 0, 11],
			"faces": {
				"south": {"uv": [12.25, 5.25, 12.75, 5.75], "texture": "#0"},
				"west": {"uv": [13.75, 4.25, 13.25, 4.75], "rotation": 270, "texture": "#0"}
			}
		},
		{
			"name": "Element",
			"from": [11, 3, 12],
			"to": [10, 0, 11],
			"faces": {
				"north": {"uv": [10.25, 5.25, 10.75, 5.75], "rotation": 180, "texture": "#0"},
				"east": {"uv": [9.75, 4.25, 9.25, 4.75], "rotation": 90, "texture": "#0"},
				"south": {"uv": [10.25, 3.25, 10.75, 3.75], "texture": "#0"}
			}
		},
		{
			"name": "Element",
			"from": [11, 3, 4],
			"to": [10, 0, 3],
			"faces": {
				"north": {"uv": [10.25, 13.25, 10.75, 13.75], "rotation": 180, "texture": "#0"},
				"east": {"uv": [9.75, 12.25, 9.25, 12.75], "rotation": 90, "texture": "#0"},
				"south": {"uv": [10.25, 11.25, 10.75, 11.75], "texture": "#0"},
				"west": {"uv": [11.75, 12.25, 11.25, 12.75], "rotation": 270, "texture": "#0"}
			}
		},
		{
			"name": "Element",
			"from": [13, 3, 4],
			"to": [12, 0, 3],
			"faces": {
				"east": {"uv": [11.75, 12.25, 11.25, 12.75], "rotation": 90, "texture": "#0"},
				"south": {"uv": [12.25, 13.25, 12.75, 13.75], "texture": "#0"},
				"west": {"uv": [13.75, 12.25, 13.25, 12.75], "rotation": 270, "texture": "#0"}
			}
		},
		{
			"name": "Element",
			"from": [13, 3, 6],
			"to": [12, 0, 4],
			"faces": {
				"north": {"uv": [12.25, 9.25, 12.75, 9.75], "rotation": 180, "texture": "#0"},
				"west": {"uv": [13.75, 10.25, 13.25, 11.75], "rotation": 270, "texture": "#0"}
			}
		},
		{
			"name": "Element",
			"from": [12, 3, 6],
			"to": [11, 0, 4],
			"faces": {
				"east": {"uv": [10.75, 10.25, 10.25, 11.75], "rotation": 90, "texture": "#0"},
				"south": {"uv": [11.25, 12.25, 11.75, 12.75], "texture": "#0"}
			}
		},
		{
			"name": "Element",
			"from": [12, 3, 11],
			"to": [11, 0, 6],
			"faces": {
				"east": {"uv": [10.75, 5.25, 10.25, 9.75], "rotation": 90, "texture": "#0"},
				"west": {"uv": [12.75, 5.25, 12.25, 9.75], "rotation": 270, "texture": "#0"}
			}
		}
	],
	"groups": [
		0,
		{
			"name": "group",
			"origin": [0, 0, 0],
			"color": 0,
			"children": [1, 2, 3, 4, 5, 6, 7, 8]
		},
		{
			"name": "group",
			"origin": [0, 0, 0],
			"color": 0,
			"children": [9, 10, 11, 12, 13, 14, 15, 16]
		},
		{
			"name": "group",
			"origin": [0, 0, 0],
			"color": 0,
			"children": [17, 18, 19, 20, 21, 22, 23, 24]
		}
	]
}